﻿<?xml version="1.0" encoding="utf-8"?>
<tables>
  <tblSettings>
    <savepath>D:\ftp\YT</savepath>
    <pathtompc>C:\Program Files\MPC\mpc-be64.exe</pathtompc>
    <synconstart>0</synconstart>
    <isonlyfavor>0</isonlyfavor>
    <ispopular>0</ispopular>
    <culture>RU</culture>
    <pathtoyoudl>D:\ftp\youtube-dl\youtube-dl.exe</pathtoyoudl>
    <pathtoffmpeg>D:\ftp\ffmpeg\ffmpeg.exe</pathtoffmpeg>
  </tblSettings>
  <tblVideos>
    <Chanell>
      <chanelowner>zapatou</chanelowner>
      <chanelname>zapatou</chanelname>
      <servername>YouTube</servername>
    </Chanell>
    <Chanell>
      <chanelowner>shupaltse666</chanelowner>
      <chanelname>Щупальце</chanelname>
      <servername>YouTube</servername>
    </Chanell>
    <Chanell>
      <chanelowner>a21072</chanelowner>
      <chanelname>a21072</chanelname>
      <servername>RuTracker</servername>
    </Chanell>
    <Chanell>
      <chanelowner>AdamThomasMoran</chanelowner>
      <chanelname>AdamThomasMoran</chanelname>
      <servername>YouTube</servername>
    </Chanell>
    <Chanell>
      <chanelowner>MaddysonRetro</chanelowner>
      <chanelname>MaddysonRetro</chanelname>
      <servername>YouTube</servername>
    </Chanell>
  </tblVideos>
</tables>